Epoch,Before Cost,After Cost
"[0, 57526.16015625, 57526.16015625]"
"[1, 113877.53125, 113603.5625]"
