Epoch,Before Cost,After Cost
"[0, 20955.759765625, 25421.83984375]"
Epoch,Before Cost,After Cost
"[0, 20955.759765625, 25421.83984375]"
Epoch,Before Cost,After Cost
"[0, 20955.759765625, 20955.759765625]"
Epoch,Before Cost,After Cost
"[0, 20955.759765625, 20955.759765625]"
Epoch,Before Cost,After Cost
"[0, 20955.759765625, 21849.83984375]"
Epoch,Before Cost,After Cost
"[0, 20955.759765625, 20955.759765625]"
Epoch,Before Cost,After Cost
"[0, 20465.83984375, 20465.83984375]"
