Epoch,Before Cost,After Cost
"[0, 260419.125, 252034.3125]"
"[1, 179302.96875, 178770.484375]"
"[2, 193916.21875, 193909.5625]"
"[3, 274761.65625, 263021.125]"
