Epoch,Before Cost,After Cost
"[0, 137237.40625, 136462.484375]"
Epoch,Before Cost,After Cost
"[0, 167864.9375, 167864.9375]"
Epoch,Before Cost,After Cost
"[0, 174932.890625, 174932.890625]"
Epoch,Before Cost,After Cost
"[0, 188265.78125, 188265.78125]"
Epoch,Before Cost,After Cost
"[0, 174211.34375, 174211.34375]"
